{
  "v1_baseline": {
    "total_samples": {
      "mean": 200.0,
      "std": 0.0,
      "min": 200.0,
      "max": 200.0
    },
    "avg_training_speed": {
      "mean": 80.74807433559882,
      "std": 1.6738102544069398,
      "min": 78.38098913165874,
      "max": 81.9435282600271
    },
    "avg_loss": {
      "mean": 33.288120651245116,
      "std": 0.0,
      "min": 33.288120651245116,
      "max": 33.288120651245116
    },
    "avg_batch_time": {
      "mean": 0.04956033388773601,
      "std": 0.001044609289781492,
      "min": 0.04881462574005127,
      "max": 0.05103761196136475
    },
    "avg_forward_time": {
      "mean": 0.017970706621805825,
      "std": 8.440911559397512e-05,
      "min": 0.01786609649658203,
      "max": 0.018072810173034668
    },
    "avg_backward_time": {
      "mean": 0.027395855585734052,
      "std": 0.0008314450480107987,
      "min": 0.026756677627563476,
      "max": 0.028570160865783692
    },
    "avg_optimizer_time": {
      "mean": 0.004193771680196127,
      "std": 0.00014220955487005755,
      "min": 0.0040847349166870115,
      "max": 0.0043946409225463865
    },
    "peak_memory_mb": {
      "mean": 195.66796875,
      "std": 0.0,
      "min": 195.66796875,
      "max": 195.66796875
    },
    "avg_memory_mb": {
      "mean": 195.66796875,
      "std": 0.0,
      "min": 195.66796875,
      "max": 195.66796875
    }
  },
  "v2_fused": {
    "total_samples": {
      "mean": 200.0,
      "std": 0.0,
      "min": 200.0,
      "max": 200.0
    },
    "avg_training_speed": {
      "mean": 107.61732760469545,
      "std": 0.4858762181286456,
      "min": 107.04194005949452,
      "max": 108.23030652702647
    },
    "avg_loss": {
      "mean": 33.28817756652832,
      "std": 0.0,
      "min": 33.28817756652832,
      "max": 33.28817756652832
    },
    "avg_batch_time": {
      "mean": 0.03716987768809001,
      "std": 0.00016768216349854426,
      "min": 0.0369586706161499,
      "max": 0.03736886024475097
    },
    "avg_forward_time": {
      "mean": 0.014767870903015137,
      "std": 0.0001550804488940578,
      "min": 0.014633269309997558,
      "max": 0.014985127449035645
    },
    "avg_backward_time": {
      "mean": 0.01911946932474772,
      "std": 6.525009267423351e-05,
      "min": 0.01903872013092041,
      "max": 0.019198522567749024
    },
    "avg_optimizer_time": {
      "mean": 0.0032825374603271487,
      "std": 1.4904566312195226e-05,
      "min": 0.0032625675201416017,
      "max": 0.00329836368560791
    },
    "peak_memory_mb": {
      "mean": 195.66748046875,
      "std": 0.0,
      "min": 195.66748046875,
      "max": 195.66748046875
    },
    "avg_memory_mb": {
      "mean": 195.66748046875,
      "std": 0.0,
      "min": 195.66748046875,
      "max": 195.66748046875
    }
  },
  "v3_triton": {
    "avg_training_speed": {
      "mean": 160.85240724406006,
      "std": 0.8651842018337436,
      "min": 160.15325334015037,
      "max": 162.07158376974982
    },
    "peak_memory_mb": {
      "mean": 218.51025390625,
      "std": 0.0,
      "min": 218.51025390625,
      "max": 218.51025390625
    },
    "avg_memory_mb": {
      "mean": 218.51025390625,
      "std": 0.0,
      "min": 218.51025390625,
      "max": 218.51025390625
    },
    "final_loss": {
      "mean": 33.21031265258789,
      "std": 0.0,
      "min": 33.21031265258789,
      "max": 33.21031265258789
    },
    "avg_batch_time": {
      "mean": 0.024868233998616537,
      "std": 0.00013326946885977185,
      "min": 0.02468045234680176,
      "max": 0.024976077079772948
    },
    "avg_forward_time": {
      "mean": 0.014475886027018228,
      "std": 0.0001328628372669277,
      "min": 0.014287996292114257,
      "max": 0.01457120418548584
    },
    "avg_backward_time": {
      "mean": 0.00828718662261963,
      "std": 3.895377276932497e-06,
      "min": 0.00828239917755127,
      "max": 0.008291940689086914
    },
    "avg_optimizer_time": {
      "mean": 0.0014899444580078122,
      "std": 9.152715875438101e-06,
      "min": 0.0014777851104736328,
      "max": 0.0014998674392700194
    }
  }
}